"First Name","Last Name","Email","Company","Job Title","Created At","Updated At","Ticket No"
"Test User1 first name","Test User1 last name","testuser1@gmail.com","Test User1 company","Test User1 job title","2021-02-27T09:16:04.902Z","2021-02-27T09:16:07.915Z",
"Test User2 first name","Test User2 last name","testuser2@gmail.com","Test User2 company","Test User2 job title","2021-02-27T09:16:49.239Z","2021-02-27T09:16:52.253Z",
"Joan","Adams","attendee+1@globalsignin.com","Acme Corporation","Insurance Agent","2021-02-27T09:21:10.506Z","2021-02-27T09:21:13.541Z","99814645010498"
"Jennifer","Howell","attendee+2@globalsignin.com","Globex Corporation","Manager","2021-02-27T09:21:10.521Z","2021-02-27T09:21:13.536Z","99814645010497"
"Shawn","Rawson","attendee+3@globalsignin.com","Initech","Realtor","2021-02-27T09:21:10.537Z","2021-02-27T09:21:13.539Z","99814645010496"
"Julia","Chua","attendee+4@globalsignin.com","Intelligent Dynamics","Developer","2021-02-27T09:21:10.554Z","2021-02-27T09:21:13.523Z","99814645010495"
"Jane","Doe","attendee+5@globalsignin.com","Corwin Group","Engineer","2021-02-27T09:21:10.571Z","2021-02-27T09:21:13.520Z","99814645010494"
"Robb","Lieu","attendee+6@globalsignin.com","Stark-Howell","Achitect","2021-02-27T09:21:10.586Z","2021-02-27T09:21:13.531Z","99814645010493"
"Nasir","Rahmat","attendee+7@globalsignin.com","Doyle PLC","Manager","2021-02-27T09:21:10.599Z","2021-02-27T09:21:13.528Z","99814645010492"
"Janice","Kwok","attendee+8@globalsignin.com","Koch-Eichmann","Sales","2021-02-27T09:21:10.613Z","2021-02-27T09:21:15.501Z","99814645010491"
"Russell","Tay","attendee+9@globalsignin.com","Wolff LLC","Professor","2021-02-27T09:21:10.626Z","2021-02-27T09:21:15.504Z","99814645010490"
"Khim Wee","Choo","attendee+10@globalsignin.com","Weimann Pte Ltd","Recruiter","2021-02-27T09:21:10.638Z","2021-02-27T09:21:15.505Z","99814645010489"