_id,Ticket #,First Name,Last Name,Email,Job Title,Company
1,99814645010498,Joan,Adams,attendee+1@globalsignin.com,Insurance Agent,Acme Corporation
2,99814645010497,Jennifer,Howell,attendee+2@globalsignin.com,Manager,Globex Corporation
3,99814645010496,Shawn,Rawson,attendee+3@globalsignin.com,Realtor,Initech
4,99814645010495,Julia,Chua,attendee+4@globalsignin.com,Developer,Intelligent Dynamics
5,99814645010494,Jane,Doe,attendee+5@globalsignin.com,Engineer,Corwin Group
6,99814645010493,Robb,Lieu,attendee+6@globalsignin.com,Achitect,Stark-Howell
7,99814645010492,Nasir,Rahmat,attendee+7@globalsignin.com,Manager,Doyle PLC
8,99814645010491,Janice,Kwok,attendee+8@globalsignin.com,Sales,Koch-Eichmann
9,99814645010490,Russell ,Tay,attendee+9@globalsignin.com,Professor,Wolff LLC
10,99814645010489,Khim Wee,Choo,attendee+10@globalsignin.com,Recruiter,Weimann Pte Ltd